urls,count
http://www.linkedin.com/company/nexhealth-inc/people/?facetGeoRegion=90000084,
http://www.linkedin.com/company/unagi-inc/people/?facetGeoRegion=90000084,
http://www.linkedin.com/company/jelly-belly-candy-company/people/?facetGeoRegion=90000084,
http://www.linkedin.com/company/eichleay-engineers/people/?facetGeoRegion=90000084,
http://www.linkedin.com/company/binaryinformatics/people/?facetGeoRegion=90000084,
http://www.linkedin.com/company/bauer's-intelligent-transportation/people/?facetGeoRegion=90000084,
http://www.linkedin.com/company/practice-fusion/people/?facetGeoRegion=90000084,
http://www.linkedin.com/company/marys-pizza-shack/people/?facetGeoRegion=90000084,
http://www.linkedin.com/company/tescra/people/?facetGeoRegion=90000084,
http://www.linkedin.com/company/swiftlysystems/people/?facetGeoRegion=90000084,